{
  "start_epoch": 0,
  "epochs_ran": 20,
  "train_loss": [
    1.2886566271384556,
    1.0314831162492435,
    0.9692155023415884,
    0.9450511684020361,
    0.9097205474972725,
    0.8991173605124155,
    0.8919361730416616,
    0.8960619121789932,
    0.8736952692270279,
    0.8686793223023415,
    0.8469827895363172,
    0.8231711263457934,
    0.8123029644290606,
    0.8077217241128286,
    0.7964614108204842,
    0.7932499746481577,
    0.7758409107724825,
    0.7726234371463457,
    0.7630723938345909,
    0.77156779418389
  ],
  "val_loss": [
    0.8868875155846278,
    0.8557814906040827,
    0.8409405201673508,
    0.8349310408035914,
    0.8243608474731445,
    0.818801666299502,
    0.818910484512647,
    0.8169157852729162,
    0.8087159693241119,
    0.8039999455213547,
    0.7986896932125092,
    0.7933996220429739,
    0.7870808492104212,
    0.7838589698076248,
    0.7735607872406641,
    0.7693699598312378,
    0.7829878777265549,
    0.7640550235907236,
    0.7640557140111923,
    0.7785844604174296
  ],
  "val_metrics": {
    "dice": [
      0.14445941150188446,
      0.1967281550168991,
      0.2879503667354584,
      0.3566854000091553,
      0.3685968220233917,
      0.37409281730651855,
      0.3744325637817383,
      0.37388479709625244,
      0.3993279039859772,
      0.41279831528663635,
      0.4355570375919342,
      0.4214008152484894,
      0.46862658858299255,
      0.4856291711330414,
      0.47541964054107666,
      0.4506896436214447,
      0.4866795539855957,
      0.5049245953559875,
      0.5210221409797668,
      0.36265650391578674
    ],
    "hausdorff": [
      134.54475222329145,
      133.31389645028375,
      104.86801506869965,
      83.01744861450409,
      80.7575707461405,
      79.68742672310897,
      78.00815505516155,
      77.9631260527403,
      79.6096882461237,
      78.58184164590655,
      77.81712976194672,
      78.909365235017,
      69.95595305733569,
      81.3736245133344,
      70.6317629956816,
      69.43954419005537,
      90.33990535971317,
      76.54403751084551,
      77.65046403808013,
      115.4341469301579
    ]
  }
}